,#AlleleID,Type,Name,label,ClinicalSignificance,ClinSigSimple,ReviewStatus,OtherIDs,LastEvaluated,RS# (dbSNP),nsv/esv (dbVar),RCVaccession,UniPort
6,15044,single nucleotide variant,NM_017547.4(FOXRED1):c.694C>T (p.Gln232Ter),1,Pathogenic,1,"criteria provided, multiple submitters, no conflicts","ClinGen:CA113792,OMIM:613622.0001","Jun 28, 2022",267606829,-,RCV000000015|RCV000578659|RCV001194045,Q9BUJ2
7,15044,single nucleotide variant,NM_017547.4(FOXRED1):c.694C>T (p.Gln232Ter),1,Pathogenic,1,"criteria provided, multiple submitters, no conflicts","ClinGen:CA113792,OMIM:613622.0001","Jun 28, 2022",267606829,-,RCV000000015|RCV000578659|RCV001194045,Q9BUJ2
32,15058,single nucleotide variant,NM_000410.4(HFE):c.848A>C (p.Gln283Pro),1,Pathogenic,1,"criteria provided, single submitter","ClinGen:CA280949,UniProtKB:Q30201#VAR_037304,OMIM:613609.0011","Sep 12, 2022",111033563,-,RCV000000036|RCV001050090,0
33,15058,single nucleotide variant,NM_000410.4(HFE):c.848A>C (p.Gln283Pro),1,Pathogenic,1,"criteria provided, single submitter","ClinGen:CA280949,UniProtKB:Q30201#VAR_037304,OMIM:613609.0011","Sep 12, 2022",111033563,-,RCV000000036|RCV001050090,0
40,15062,single nucleotide variant,NM_020779.4(WDR35):c.2590G>A (p.Ala864Thr),1,Likely pathogenic,1,"criteria provided, single submitter","UniProtKB:Q9P2L0#VAR_064582,OMIM:613602.0004,ClinGen:CA339782","May 25, 2017",267607175,-,RCV000000040|RCV000508347,0
41,15062,single nucleotide variant,NM_020779.4(WDR35):c.2590G>A (p.Ala864Thr),1,Likely pathogenic,1,"criteria provided, single submitter","UniProtKB:Q9P2L0#VAR_064582,OMIM:613602.0004,ClinGen:CA339782","May 25, 2017",267607175,-,RCV000000040|RCV000508347,0
48,15066,single nucleotide variant,NM_001042472.3(ABHD12):c.1054C>T (p.Arg352Ter),1,Pathogenic,1,"criteria provided, multiple submitters, no conflicts","ClinGen:CA113811,OMIM:613599.0004","Jan 05, 2022",267606624,-,RCV000000044|RCV001208516,Q8N2K0
49,15066,single nucleotide variant,NM_001042472.3(ABHD12):c.1054C>T (p.Arg352Ter),1,Pathogenic,1,"criteria provided, multiple submitters, no conflicts","ClinGen:CA113811,OMIM:613599.0004","Jan 05, 2022",267606624,-,RCV000000044|RCV001208516,Q8N2K0
54,15069,single nucleotide variant,NM_138413.4(HOGA1):c.860G>T (p.Gly287Val),1,Pathogenic/Likely pathogenic,1,"criteria provided, multiple submitters, no conflicts","ClinGen:CA113813,UniProtKB:Q86XE5#VAR_064036,OMIM:613597.0002","Oct 13, 2022",138207257,-,RCV000000047|RCV000798240,0
55,15069,single nucleotide variant,NM_138413.4(HOGA1):c.860G>T (p.Gly287Val),1,Pathogenic/Likely pathogenic,1,"criteria provided, multiple submitters, no conflicts","ClinGen:CA113813,UniProtKB:Q86XE5#VAR_064036,OMIM:613597.0002","Oct 13, 2022",138207257,-,RCV000000047|RCV000798240,0
60,15072,single nucleotide variant,NM_138413.4(HOGA1):c.209G>C (p.Arg70Pro),1,Pathogenic,1,"criteria provided, single submitter","ClinGen:CA113816,OMIM:613597.0005","Oct 04, 2022",267606763,-,RCV000000050|RCV001387338,Q86XE5
61,15072,single nucleotide variant,NM_138413.4(HOGA1):c.209G>C (p.Arg70Pro),1,Pathogenic,1,"criteria provided, single submitter","ClinGen:CA113816,OMIM:613597.0005","Oct 04, 2022",267606763,-,RCV000000050|RCV001387338,Q86XE5
62,15073,single nucleotide variant,NM_138413.4(HOGA1):c.769T>G (p.Cys257Gly),1,Pathogenic/Likely pathogenic,1,"criteria provided, multiple submitters, no conflicts","ClinGen:CA113818,UniProtKB:Q86XE5#VAR_064035,OMIM:613597.0006","Oct 03, 2022",267606764,-,RCV000000051|RCV000994489,0
63,15073,single nucleotide variant,NM_138413.4(HOGA1):c.769T>G (p.Cys257Gly),1,Pathogenic/Likely pathogenic,1,"criteria provided, multiple submitters, no conflicts","ClinGen:CA113818,UniProtKB:Q86XE5#VAR_064035,OMIM:613597.0006","Oct 03, 2022",267606764,-,RCV000000051|RCV000994489,0
64,15074,single nucleotide variant,NM_001201543.2(FAM161A):c.685C>T (p.Arg229Ter),1,Pathogenic,1,"criteria provided, multiple submitters, no conflicts","ClinGen:CA251355,OMIM:613596.0001","Nov 01, 2022",267606794,-,RCV000000052|RCV001074032|RCV001090971|RCV001257835,Q3B820
65,15074,single nucleotide variant,NM_001201543.2(FAM161A):c.685C>T (p.Arg229Ter),1,Pathogenic,1,"criteria provided, multiple submitters, no conflicts","ClinGen:CA251355,OMIM:613596.0001","Nov 01, 2022",267606794,-,RCV000000052|RCV001074032|RCV001090971|RCV001257835,Q3B820
66,15075,single nucleotide variant,NM_001201543.2(FAM161A):c.1309A>T (p.Arg437Ter),1,Pathogenic,1,"criteria provided, multiple submitters, no conflicts","ClinGen:CA233978,OMIM:613596.0002","Nov 01, 2022",200691042,-,RCV000000053|RCV000153226|RCV000678572|RCV000778621|RCV000787604,Q3B820
67,15075,single nucleotide variant,NM_001201543.2(FAM161A):c.1309A>T (p.Arg437Ter),1,Pathogenic,1,"criteria provided, multiple submitters, no conflicts","ClinGen:CA233978,OMIM:613596.0002","Nov 01, 2022",200691042,-,RCV000000053|RCV000153226|RCV000678572|RCV000778621|RCV000787604,Q3B820
70,15077,single nucleotide variant,NM_001201543.2(FAM161A):c.1567C>T (p.Arg523Ter),1,Pathogenic,1,"criteria provided, multiple submitters, no conflicts","ClinGen:CA233972,OMIM:613596.0004","Sep 30, 2022",202193201,-,RCV000000055|RCV000787606|RCV000790648|RCV001003031,Q3B820
71,15077,single nucleotide variant,NM_001201543.2(FAM161A):c.1567C>T (p.Arg523Ter),1,Pathogenic,1,"criteria provided, multiple submitters, no conflicts","ClinGen:CA233972,OMIM:613596.0004","Sep 30, 2022",202193201,-,RCV000000055|RCV000787606|RCV000790648|RCV001003031,Q3B820
72,15078,single nucleotide variant,NM_001201543.2(FAM161A):c.1786C>T (p.Arg596Ter),1,Pathogenic,1,"criteria provided, single submitter","ClinGen:CA251358,OMIM:613596.0005","Sep 23, 2022",267606793,-,RCV000000056|RCV001054497,Q3B820
73,15078,single nucleotide variant,NM_001201543.2(FAM161A):c.1786C>T (p.Arg596Ter),1,Pathogenic,1,"criteria provided, single submitter","ClinGen:CA251358,OMIM:613596.0005","Sep 23, 2022",267606793,-,RCV000000056|RCV001054497,Q3B820
90,15087,single nucleotide variant,NM_001199107.2(TBC1D24):c.439G>C (p.Asp147His),1,Pathogenic,1,"criteria provided, single submitter","ClinGen:CA339785,UniProtKB:Q9ULP9#VAR_064365,OMIM:613577.0001","Feb 04, 2022",267607103,-,RCV000000065|RCV001851500,0
91,15087,single nucleotide variant,NM_001199107.2(TBC1D24):c.439G>C (p.Asp147His),1,Pathogenic,1,"criteria provided, single submitter","ClinGen:CA339785,UniProtKB:Q9ULP9#VAR_064365,OMIM:613577.0001","Feb 04, 2022",267607103,-,RCV000000065|RCV001851500,0
104,15094,single nucleotide variant,NM_001194998.2(CEP152):c.794A>C (p.Gln265Pro),1,Pathogenic/Likely pathogenic,1,"criteria provided, multiple submitters, no conflicts","ClinGen:CA210936,UniProtKB:O94986#VAR_063813,OMIM:613529.0001","May 31, 2022",267606717,-,RCV000000072|RCV000413650|RCV000763360|RCV000778440,0
105,15094,single nucleotide variant,NM_001194998.2(CEP152):c.794A>C (p.Gln265Pro),1,Pathogenic/Likely pathogenic,1,"criteria provided, multiple submitters, no conflicts","ClinGen:CA210936,UniProtKB:O94986#VAR_063813,OMIM:613529.0001","May 31, 2022",267606717,-,RCV000000072|RCV000413650|RCV000763360|RCV000778440,0
106,15095,single nucleotide variant,NM_001194998.2(CEP152):c.2959C>T (p.Arg987Ter),1,Likely pathogenic,1,"criteria provided, single submitter","OMIM:613529.0002,ClinGen:CA210938",-,267606718,-,RCV000000073,O94986
107,15095,single nucleotide variant,NM_001194998.2(CEP152):c.2959C>T (p.Arg987Ter),1,Likely pathogenic,1,"criteria provided, single submitter","OMIM:613529.0002,ClinGen:CA210938",-,267606718,-,RCV000000073,O94986
118,15101,single nucleotide variant,NM_001708.2(OPN1SW):c.235G>A (p.Gly79Arg),-1,Likely benign,1,"criteria provided, single submitter","ClinGen:CA113829,UniProtKB:P03999#VAR_004838,OMIM:613522.0001","Oct 19, 2022",104894031,-,RCV000000079|RCV001044282,0
119,15101,single nucleotide variant,NM_001708.2(OPN1SW):c.235G>A (p.Gly79Arg),-1,Likely benign,1,"criteria provided, single submitter","ClinGen:CA113829,UniProtKB:P03999#VAR_004838,OMIM:613522.0001","Oct 19, 2022",104894031,-,RCV000000079|RCV001044282,0
124,15104,single nucleotide variant,NM_000374.5(UROD):c.842G>T (p.Gly281Val),1,Pathogenic,1,"criteria provided, single submitter","ClinGen:CA251370,UniProtKB:P06132#VAR_007716,OMIM:613521.0001","Sep 27, 2022",121918057,-,RCV000000082|RCV002512589,0
125,15104,single nucleotide variant,NM_000374.5(UROD):c.842G>T (p.Gly281Val),1,Pathogenic,1,"criteria provided, single submitter","ClinGen:CA251370,UniProtKB:P06132#VAR_007716,OMIM:613521.0001","Sep 27, 2022",121918057,-,RCV000000082|RCV002512589,0
134,15109,single nucleotide variant,NM_000374.5(UROD):c.185C>T (p.Pro62Leu),1,Pathogenic,1,"criteria provided, single submitter","ClinGen:CA251374,UniProtKB:P06132#VAR_009103,OMIM:613521.0006","Nov 03, 2022",121918060,-,RCV000000088|RCV001851501,0
135,15109,single nucleotide variant,NM_000374.5(UROD):c.185C>T (p.Pro62Leu),1,Pathogenic,1,"criteria provided, single submitter","ClinGen:CA251374,UniProtKB:P06132#VAR_009103,OMIM:613521.0006","Nov 03, 2022",121918060,-,RCV000000088|RCV001851501,0
138,15111,single nucleotide variant,NM_000374.5(UROD):c.942G>A (p.Glu314=),1,Likely pathogenic,1,"criteria provided, single submitter","ClinGen:CA251376,OMIM:613521.0008","Jul 14, 2022",121918062,-,RCV000000090|RCV001851503,Q92947
139,15111,single nucleotide variant,NM_000374.5(UROD):c.942G>A (p.Glu314=),1,Likely pathogenic,1,"criteria provided, single submitter","ClinGen:CA251376,OMIM:613521.0008","Jul 14, 2022",121918062,-,RCV000000090|RCV001851503,Q92947
144,15114,single nucleotide variant,NM_000374.5(UROD):c.912C>A (p.Asn304Lys),1,Pathogenic,1,"criteria provided, single submitter","OMIM:613521.0011,ClinGen:CA251380,UniProtKB:P06132#VAR_007914","Jul 15, 2022",121918065,-,RCV000000093|RCV001851504,0
145,15114,single nucleotide variant,NM_000374.5(UROD):c.912C>A (p.Asn304Lys),1,Pathogenic,1,"criteria provided, single submitter","OMIM:613521.0011,ClinGen:CA251380,UniProtKB:P06132#VAR_007914","Jul 15, 2022",121918065,-,RCV000000093|RCV001851504,0
148,15116,single nucleotide variant,NM_000235.4(LIPA):c.599T>C (p.Leu200Pro),1,Pathogenic/Likely pathogenic,1,"criteria provided, multiple submitters, no conflicts","ClinGen:CA113832,UniProtKB:P38571#VAR_004250,OMIM:613497.0001","Aug 21, 2022",121965086,-,RCV000000095|RCV000000096,0
149,15116,single nucleotide variant,NM_000235.4(LIPA):c.599T>C (p.Leu200Pro),1,Pathogenic/Likely pathogenic,1,"criteria provided, multiple submitters, no conflicts","ClinGen:CA113832,UniProtKB:P38571#VAR_004250,OMIM:613497.0001","Aug 21, 2022",121965086,-,RCV000000095|RCV000000096,0
150,15117,single nucleotide variant,NM_000235.4(LIPA):c.796G>T (p.Gly266Ter),1,Pathogenic,1,"criteria provided, multiple submitters, no conflicts","ClinGen:CA213127,OMIM:613497.0003","Oct 20, 2022",267607218,-,RCV000000097|RCV001376562|RCV001562238|RCV001804146,P38571
151,15117,single nucleotide variant,NM_000235.4(LIPA):c.796G>T (p.Gly266Ter),1,Pathogenic,1,"criteria provided, multiple submitters, no conflicts","ClinGen:CA213127,OMIM:613497.0003","Oct 20, 2022",267607218,-,RCV000000097|RCV001376562|RCV001562238|RCV001804146,P38571
156,15121,single nucleotide variant,NM_000235.4(LIPA):c.129C>G (p.Tyr43Ter),1,Pathogenic,1,"criteria provided, single submitter","ClinGen:CA113835,OMIM:613497.0006","Jul 14, 2021",121965087,-,RCV000000102,P38571
157,15121,single nucleotide variant,NM_000235.4(LIPA):c.129C>G (p.Tyr43Ter),1,Pathogenic,1,"criteria provided, single submitter","ClinGen:CA113835,OMIM:613497.0006","Jul 14, 2021",121965087,-,RCV000000102,P38571
158,15122,single nucleotide variant,NM_021828.5(HPSE2):c.1516C>T (p.Arg506Ter),1,Pathogenic,1,"criteria provided, single submitter","ClinGen:CA339789,OMIM:613469.0001","Sep 20, 2022",267606866,-,RCV000000103|RCV001061376,Q8WWQ2
159,15122,single nucleotide variant,NM_021828.5(HPSE2):c.1516C>T (p.Arg506Ter),1,Pathogenic,1,"criteria provided, single submitter","ClinGen:CA339789,OMIM:613469.0001","Sep 20, 2022",267606866,-,RCV000000103|RCV001061376,Q8WWQ2
168,15128,single nucleotide variant,NM_021828.5(HPSE2):c.457C>T (p.Arg153Ter),1,Pathogenic,1,"criteria provided, single submitter","ClinGen:CA251384,OMIM:613469.0007","Jun 07, 2022",267606865,-,RCV000000109|RCV001849249|RCV002512590,Q8WWQ2
169,15128,single nucleotide variant,NM_021828.5(HPSE2):c.457C>T (p.Arg153Ter),1,Pathogenic,1,"criteria provided, single submitter","ClinGen:CA251384,OMIM:613469.0007","Jun 07, 2022",267606865,-,RCV000000109|RCV001849249|RCV002512590,Q8WWQ2
174,15131,single nucleotide variant,NM_177924.5(ASAH1):c.413A>T (p.Glu138Val),1,Likely pathogenic,1,"criteria provided, multiple submitters, no conflicts","ClinGen:CA113840,OMIM:613468.0002","Oct 03, 2022",137853594,-,RCV000000112|RCV000853547,Q13510
175,15131,single nucleotide variant,NM_177924.5(ASAH1):c.413A>T (p.Glu138Val),1,Likely pathogenic,1,"criteria provided, multiple submitters, no conflicts","ClinGen:CA113840,OMIM:613468.0002","Oct 03, 2022",137853594,-,RCV000000112|RCV000853547,Q13510
176,15132,single nucleotide variant,NM_177924.5(ASAH1):c.107A>G (p.Tyr36Cys),1,Likely pathogenic,1,"criteria provided, single submitter","ClinGen:CA113842,OMIM:613468.0003","Apr 16, 2018",137853595,-,RCV000000113,Q13510
177,15132,single nucleotide variant,NM_177924.5(ASAH1):c.107A>G (p.Tyr36Cys),1,Likely pathogenic,1,"criteria provided, single submitter","ClinGen:CA113842,OMIM:613468.0003","Apr 16, 2018",137853595,-,RCV000000113,Q13510
184,15136,single nucleotide variant,NM_000355.4(TCN2):c.776G>C (p.Arg259Pro),-1,Benign,0,"criteria provided, multiple submitters, no conflicts","ClinGen:CA113848,UniProtKB:P20062#VAR_001640,OMIM:613441.0002","Nov 04, 2022",1801198,-,RCV000000117|RCV000374451|RCV000454394|RCV001618205,0
185,15136,single nucleotide variant,NM_000355.4(TCN2):c.776G>C (p.Arg259Pro),-1,Benign,0,"criteria provided, multiple submitters, no conflicts","ClinGen:CA113848,UniProtKB:P20062#VAR_001640,OMIM:613441.0002","Nov 04, 2022",1801198,-,RCV000000117|RCV000374451|RCV000454394|RCV001618205,0
206,15147,single nucleotide variant,NM_017849.4(TMEM127):c.475C>T (p.Gln159Ter),1,Pathogenic,1,"criteria provided, multiple submitters, no conflicts","ClinGen:CA113855,OMIM:613403.0002","Aug 27, 2021",121908830,-,RCV000000128|RCV000114833|RCV000164900|RCV001381352,O75204
207,15147,single nucleotide variant,NM_017849.4(TMEM127):c.475C>T (p.Gln159Ter),1,Pathogenic,1,"criteria provided, multiple submitters, no conflicts","ClinGen:CA113855,OMIM:613403.0002","Aug 27, 2021",121908830,-,RCV000000128|RCV000114833|RCV000164900|RCV001381352,O75204
224,15156,single nucleotide variant,NM_000071.3(CBS):c.919G>A (p.Gly307Ser),1,Pathogenic,1,"criteria provided, multiple submitters, no conflicts","ClinGen:CA113874,UniProtKB:P35520#VAR_002186,OMIM:613381.0001","Nov 02, 2022",121964962,-,RCV000000137|RCV000000138|RCV000078112|RCV000173641|RCV000366433|RCV002313701,0
225,15156,single nucleotide variant,NM_000071.3(CBS):c.919G>A (p.Gly307Ser),1,Pathogenic,1,"criteria provided, multiple submitters, no conflicts","ClinGen:CA113874,UniProtKB:P35520#VAR_002186,OMIM:613381.0001","Nov 02, 2022",121964962,-,RCV000000137|RCV000000138|RCV000078112|RCV000173641|RCV000366433|RCV002313701,0
226,15157,single nucleotide variant,NM_000071.3(CBS):c.434C>T (p.Pro145Leu),1,Pathogenic/Likely pathogenic,1,"criteria provided, multiple submitters, no conflicts","ClinGen:CA113876,UniProtKB:P35520#VAR_002178,OMIM:613381.0002","Oct 19, 2021",121964963,-,RCV000000139|RCV000625555|RCV001250193|RCV002227955,0
227,15157,single nucleotide variant,NM_000071.3(CBS):c.434C>T (p.Pro145Leu),1,Pathogenic/Likely pathogenic,1,"criteria provided, multiple submitters, no conflicts","ClinGen:CA113876,UniProtKB:P35520#VAR_002178,OMIM:613381.0002","Oct 19, 2021",121964963,-,RCV000000139|RCV000625555|RCV001250193|RCV002227955,0
228,15158,single nucleotide variant,NM_000071.3(CBS):c.341C>T (p.Ala114Val),1,Pathogenic/Likely pathogenic,1,"criteria provided, multiple submitters, no conflicts","ClinGen:CA113878,UniProtKB:P35520#VAR_002174,OMIM:613381.0003","Nov 01, 2022",121964964,-,RCV000000140|RCV000200823|RCV000490533|RCV000590659|RCV002227956|RCV002453244,0
229,15158,single nucleotide variant,NM_000071.3(CBS):c.341C>T (p.Ala114Val),1,Pathogenic/Likely pathogenic,1,"criteria provided, multiple submitters, no conflicts","ClinGen:CA113878,UniProtKB:P35520#VAR_002174,OMIM:613381.0003","Nov 01, 2022",121964964,-,RCV000000140|RCV000200823|RCV000490533|RCV000590659|RCV002227956|RCV002453244,0
234,15161,single nucleotide variant,NM_000071.3(CBS):c.430G>A (p.Glu144Lys),1,Pathogenic/Likely pathogenic,1,"criteria provided, multiple submitters, no conflicts","ClinGen:CA113885,UniProtKB:P35520#VAR_002177,OMIM:613381.0006","Oct 20, 2022",121964966,-,RCV000000144|RCV000169074|RCV000723427|RCV001251284|RCV002227957,0
235,15161,single nucleotide variant,NM_000071.3(CBS):c.430G>A (p.Glu144Lys),1,Pathogenic/Likely pathogenic,1,"criteria provided, multiple submitters, no conflicts","ClinGen:CA113885,UniProtKB:P35520#VAR_002177,OMIM:613381.0006","Oct 20, 2022",121964966,-,RCV000000144|RCV000169074|RCV000723427|RCV001251284|RCV002227957,0
240,15164,single nucleotide variant,NM_000071.3(CBS):c.797G>A (p.Arg266Lys),1,Pathogenic/Likely pathogenic,1,"criteria provided, multiple submitters, no conflicts","OMIM:613381.0009,ClinGen:CA113891,UniProtKB:P35520#VAR_008074","Nov 15, 2022",121964969,-,RCV000000147|RCV000469164|RCV001192721|RCV001546787|RCV002227958|RCV002313702,0
241,15164,single nucleotide variant,NM_000071.3(CBS):c.797G>A (p.Arg266Lys),1,Pathogenic/Likely pathogenic,1,"criteria provided, multiple submitters, no conflicts","OMIM:613381.0009,ClinGen:CA113891,UniProtKB:P35520#VAR_008074","Nov 15, 2022",121964969,-,RCV000000147|RCV000469164|RCV001192721|RCV001546787|RCV002227958|RCV002313702,0
242,15165,single nucleotide variant,NM_000071.3(CBS):c.1330G>A (p.Asp444Asn),1,Pathogenic/Likely pathogenic,1,"criteria provided, multiple submitters, no conflicts","ClinGen:CA113893,UniProtKB:P35520#VAR_002192,OMIM:613381.0010","Nov 03, 2022",28934891,-,RCV000000148|RCV000000149|RCV000078108|RCV000174656|RCV000781196|RCV002381232,0
243,15165,single nucleotide variant,NM_000071.3(CBS):c.1330G>A (p.Asp444Asn),1,Pathogenic/Likely pathogenic,1,"criteria provided, multiple submitters, no conflicts","ClinGen:CA113893,UniProtKB:P35520#VAR_002192,OMIM:613381.0010","Nov 03, 2022",28934891,-,RCV000000148|RCV000000149|RCV000078108|RCV000174656|RCV000781196|RCV002381232,0
252,15170,single nucleotide variant,NM_000071.3(CBS):c.1058C>T (p.Thr353Met),1,Pathogenic/Likely pathogenic,1,"criteria provided, multiple submitters, no conflicts","ClinGen:CA113902,UniProtKB:P35520#VAR_008082,OMIM:613381.0015","Sep 17, 2022",121964972,-,RCV000000154|RCV000078106|RCV000169466|RCV000249963|RCV002227961|RCV002271361,0
253,15170,single nucleotide variant,NM_000071.3(CBS):c.1058C>T (p.Thr353Met),1,Pathogenic/Likely pathogenic,1,"criteria provided, multiple submitters, no conflicts","ClinGen:CA113902,UniProtKB:P35520#VAR_008082,OMIM:613381.0015","Sep 17, 2022",121964972,-,RCV000000154|RCV000078106|RCV000169466|RCV000249963|RCV002227961|RCV002271361,0
254,15171,single nucleotide variant,NM_000071.3(CBS):c.572C>T (p.Thr191Met),1,Pathogenic,1,"criteria provided, multiple submitters, no conflicts","ClinGen:CA113904,UniProtKB:P35520#VAR_008068,OMIM:613381.0016","Oct 28, 2022",121964973,-,RCV000000155|RCV000195441|RCV000576767|RCV000589097|RCV002227962|RCV002512593,0
255,15171,single nucleotide variant,NM_000071.3(CBS):c.572C>T (p.Thr191Met),1,Pathogenic,1,"criteria provided, multiple submitters, no conflicts","ClinGen:CA113904,UniProtKB:P35520#VAR_008068,OMIM:613381.0016","Oct 28, 2022",121964973,-,RCV000000155|RCV000195441|RCV000576767|RCV000589097|RCV002227962|RCV002512593,0
280,15185,single nucleotide variant,NM_000274.4(OAT):c.3G>A (p.Met1Ile),1,Pathogenic,1,"criteria provided, single submitter","ClinGen:CA113913,OMIM:613349.0001","Jun 20, 2022",121965034,-,RCV000000169,P35913
281,15185,single nucleotide variant,NM_000274.4(OAT):c.3G>A (p.Met1Ile),1,Pathogenic,1,"criteria provided, single submitter","ClinGen:CA113913,OMIM:613349.0001","Jun 20, 2022",121965034,-,RCV000000169,P35913
286,15188,single nucleotide variant,NM_000274.4(OAT):c.1186C>T (p.Arg396Ter),1,Pathogenic/Likely pathogenic,1,"criteria provided, multiple submitters, no conflicts","ClinGen:CA113920,OMIM:613349.0004","Jun 27, 2022",121965036,-,RCV000000172|RCV000760452,P35913
287,15188,single nucleotide variant,NM_000274.4(OAT):c.1186C>T (p.Arg396Ter),1,Pathogenic/Likely pathogenic,1,"criteria provided, multiple submitters, no conflicts","ClinGen:CA113920,OMIM:613349.0004","Jun 27, 2022",121965036,-,RCV000000172|RCV000760452,P35913
294,15192,single nucleotide variant,NM_000274.4(OAT):c.539G>C (p.Arg180Thr),1,Pathogenic,1,"criteria provided, single submitter","ClinGen:CA113931,UniProtKB:P04181#VAR_000570,OMIM:613349.0008","Jan 26, 2022",121965040,-,RCV000000176,0
295,15192,single nucleotide variant,NM_000274.4(OAT):c.539G>C (p.Arg180Thr),1,Pathogenic,1,"criteria provided, single submitter","ClinGen:CA113931,UniProtKB:P04181#VAR_000570,OMIM:613349.0008","Jan 26, 2022",121965040,-,RCV000000176,0
298,15194,single nucleotide variant,NM_000274.4(OAT):c.812G>A (p.Arg271Lys),1,Pathogenic,1,"criteria provided, single submitter","ClinGen:CA113937,UniProtKB:P04181#VAR_000578,OMIM:613349.0010","Oct 28, 2021",121965042,-,RCV000000178,0
299,15194,single nucleotide variant,NM_000274.4(OAT):c.812G>A (p.Arg271Lys),1,Pathogenic,1,"criteria provided, single submitter","ClinGen:CA113937,UniProtKB:P04181#VAR_000578,OMIM:613349.0010","Oct 28, 2021",121965042,-,RCV000000178,0
300,15195,single nucleotide variant,NM_000274.4(OAT):c.1205T>C (p.Leu402Pro),1,Pathogenic,1,"criteria provided, multiple submitters, no conflicts","UniProtKB:P04181#VAR_000584,OMIM:613349.0011,ClinGen:CA113940","Dec 13, 2022",121965043,-,RCV000000179|RCV002509140,0
301,15195,single nucleotide variant,NM_000274.4(OAT):c.1205T>C (p.Leu402Pro),1,Pathogenic,1,"criteria provided, multiple submitters, no conflicts","UniProtKB:P04181#VAR_000584,OMIM:613349.0011,ClinGen:CA113940","Dec 13, 2022",121965043,-,RCV000000179|RCV002509140,0
302,15196,single nucleotide variant,NM_000274.4(OAT):c.1250C>T (p.Pro417Leu),1,Pathogenic,1,"criteria provided, multiple submitters, no conflicts","UniProtKB:P04181#VAR_000585,OMIM:613349.0012,ClinGen:CA113943","Oct 30, 2022",121965044,-,RCV000000180,0
303,15196,single nucleotide variant,NM_000274.4(OAT):c.1250C>T (p.Pro417Leu),1,Pathogenic,1,"criteria provided, multiple submitters, no conflicts","UniProtKB:P04181#VAR_000585,OMIM:613349.0012,ClinGen:CA113943","Oct 30, 2022",121965044,-,RCV000000180,0
310,15200,single nucleotide variant,NM_000274.4(OAT):c.1134C>T (p.Asn378=),-1,Benign,0,"criteria provided, multiple submitters, no conflicts","ClinGen:CA113955,OMIM:613349.0017","Oct 07, 2022",11461,-,RCV000380778|RCV000831333|RCV001529561,P35913
311,15200,single nucleotide variant,NM_000274.4(OAT):c.1134C>T (p.Asn378=),-1,Benign,0,"criteria provided, multiple submitters, no conflicts","ClinGen:CA113955,OMIM:613349.0017","Oct 07, 2022",11461,-,RCV000380778|RCV000831333|RCV001529561,P35913
323,15207,single nucleotide variant,NM_000274.4(OAT):c.722C>T (p.Pro241Leu),1,Pathogenic,1,"criteria provided, multiple submitters, no conflicts","ClinGen:CA113975,UniProtKB:P04181#VAR_000573,OMIM:613349.0025","Apr 18, 2022",121965051,-,RCV000000191,0
324,15207,single nucleotide variant,NM_000274.4(OAT):c.722C>T (p.Pro241Leu),1,Pathogenic,1,"criteria provided, multiple submitters, no conflicts","ClinGen:CA113975,UniProtKB:P04181#VAR_000573,OMIM:613349.0025","Apr 18, 2022",121965051,-,RCV000000191,0
327,15209,single nucleotide variant,NM_000274.4(OAT):c.1058G>A (p.Gly353Asp),1,Pathogenic,1,"criteria provided, single submitter","ClinGen:CA113981,UniProtKB:P04181#VAR_000581,OMIM:613349.0027","Oct 01, 2018",121965053,-,RCV000000193|RCV001091422,0
328,15209,single nucleotide variant,NM_000274.4(OAT):c.1058G>A (p.Gly353Asp),1,Pathogenic,1,"criteria provided, single submitter","ClinGen:CA113981,UniProtKB:P04181#VAR_000581,OMIM:613349.0027","Oct 01, 2018",121965053,-,RCV000000193|RCV001091422,0
333,15212,single nucleotide variant,NM_000274.4(OAT):c.1201G>T (p.Gly401Ter),1,Pathogenic,1,"criteria provided, single submitter","ClinGen:CA113990,OMIM:613349.0030","Aug 12, 2021",121965055,-,RCV000000196,P35913
334,15212,single nucleotide variant,NM_000274.4(OAT):c.1201G>T (p.Gly401Ter),1,Pathogenic,1,"criteria provided, single submitter","ClinGen:CA113990,OMIM:613349.0030","Aug 12, 2021",121965055,-,RCV000000196,P35913
337,15214,single nucleotide variant,NM_000274.4(OAT):c.627T>A (p.Tyr209Ter),1,Pathogenic,1,"criteria provided, multiple submitters, no conflicts","ClinGen:CA113994,OMIM:613349.0032","Apr 06, 2022",121965056,-,RCV000000198,P35913
338,15214,single nucleotide variant,NM_000274.4(OAT):c.627T>A (p.Tyr209Ter),1,Pathogenic,1,"criteria provided, multiple submitters, no conflicts","ClinGen:CA113994,OMIM:613349.0032","Apr 06, 2022",121965056,-,RCV000000198,P35913
339,15215,single nucleotide variant,NM_000274.4(OAT):c.897C>G (p.Tyr299Ter),1,Pathogenic/Likely pathogenic,1,"criteria provided, multiple submitters, no conflicts","ClinGen:CA113998,OMIM:613349.0033","Oct 11, 2022",121965057,-,RCV000000199|RCV001074426,P35913
340,15215,single nucleotide variant,NM_000274.4(OAT):c.897C>G (p.Tyr299Ter),1,Pathogenic/Likely pathogenic,1,"criteria provided, multiple submitters, no conflicts","ClinGen:CA113998,OMIM:613349.0033","Oct 11, 2022",121965057,-,RCV000000199|RCV001074426,P35913
341,15216,single nucleotide variant,NM_000274.4(OAT):c.1276C>T (p.Arg426Ter),1,Pathogenic,1,"criteria provided, multiple submitters, no conflicts","ClinGen:CA114002,OMIM:613349.0034","Jun 14, 2022",121965058,-,RCV000000200|RCV002271362,P35913
342,15216,single nucleotide variant,NM_000274.4(OAT):c.1276C>T (p.Arg426Ter),1,Pathogenic,1,"criteria provided, multiple submitters, no conflicts","ClinGen:CA114002,OMIM:613349.0034","Jun 14, 2022",121965058,-,RCV000000200|RCV002271362,P35913
347,15219,single nucleotide variant,NM_000274.4(OAT):c.824G>A (p.Trp275Ter),1,Pathogenic/Likely pathogenic,1,"criteria provided, multiple submitters, no conflicts","ClinGen:CA114010,OMIM:613349.0037","Mar 31, 2022",267606924,-,RCV000000203,P35913
348,15219,single nucleotide variant,NM_000274.4(OAT):c.824G>A (p.Trp275Ter),1,Pathogenic/Likely pathogenic,1,"criteria provided, multiple submitters, no conflicts","ClinGen:CA114010,OMIM:613349.0037","Mar 31, 2022",267606924,-,RCV000000203,P35913
